,Fundo,Emissão,PreçoeCotação,Variação,Database,PeríododeNegociação,PeríododePreferência,PeríododeSobras,PeríodoPúblico,Etapa,YouTube,TipodeOferta,PreçoeTaxa,ProporçãodePreferência,ProporçãodeSobras,InvestimentoMínimo,CaptaçãoMínima,CaptaçãoMáxima,CoordenadorLíder,DatadeEncerramento,MétododeRateio,ResultadodoRateio,Observações,Documentação
0,BIME11,1ª,"R$ 10,00",Não há,Não há,Não há,Não há,Não há,27.09 até 22.10.21Liquidação: 29.10.21,Andamento,,Oferta Pública (ICVM 400),"R$ 10,00(Cota: R$ 10,00 + Taxa: R$ 0,00)",Não há,Não há,"R$ 10.000,00 (1000 cotas)","R$ 30.000.000,00","R$ 360.000.000,00(R$ 300.000.000,00 + Lote Adicional de R$ 60.000.000,00)",XP Investimentos,,Igualitário,,,"<td><a href=""https://fnet.bmfbovespa.com.br/fnet/publico/visualizarDocumento?id=216785&amp;cvm=true"" rel=""noopener noreferrer"" target=""_blank"">Aviso ao Mercado</a>, <a href=""https://fnet.bmfbovespa.com.br/fnet/publico/visualizarDocumento?id=216787&amp;cvm=true"" rel=""noopener noreferrer"" target=""_blank"">Prospecto Preliminar</a></td>"
1,BLCP11,3ª,"R$ 85,18Cotação: R$ 91,02 (6,86%)","6,86%",16.08.21,23.08 até 31.08.21,23.08 até 02.09.21Liquidação: 03.09.21,Não há,08.09 até 08.10.21Liquidação: 14.10.21,Andamento,,Oferta Pública (ICVM 400),"R$ 85,18(Cota: R$ 81,73 + Taxa: R$ 3,45)","0,80467508896 (80,47%)",Não há,"R$ 851,80 (10 cotas)","R$ 32.000.079,00","R$ 199.117.897,60(R$ 165.931.617,10 + Lote Adicional de R$ 33.186.280,50)",Guide Investimentos,21.10.21,Proporcional,,Nenhuma,"<td><a href='”https://fnet.bmfbovespa.com.br/fnet/publico/visualizarDocumento?id=187372&amp;cvm=true""' rel=""noopener noreferrer"" target=""_blank"">Ato do Administrador</a>, <a href=""https://fnet.bmfbovespa.com.br/fnet/publico/visualizarDocumento?id=205654&amp;cvm=true"" rel=""noopener noreferrer"" target=""_blank"">Anúncio de Início</a>, <a href=""https://fnet.bmfbovespa.com.br/fnet/publico/visualizarDocumento?id=205874&amp;cvm=true"" rel=""noopener noreferrer"" target=""_blank"">Prospecto Definitivo</a>, <a href=""https://fnet.bmfbovespa.com.br/fnet/publico/visualizarDocumento?id=205947&amp;cvm=true"" rel=""noopener noreferrer"" target=""_blank"">Informações sobre Direitos</a>, <a href=""https://fnet.bmfbovespa.com.br/fnet/publico/visualizarDocumento?id=209116&amp;cvm=true"" rel=""noopener noreferrer"" target=""_blank"">Fato Relevante</a></td>"
2,BLMC11,2ª,"R$ 100,00Cotação: R$ 100,29 (0,29%)","0,29%",Não há,Não há,Não há,Não há,22.09 até 11.10.21Liquidação: 19.10.21,Andamento,,Oferta Pública (ICVM 400),"R$ 100,00(Cota: R$ 96,01 + Taxa: R$ 3,99)",Não há,Não há,"R$ 5.300,00 (53 cotas)","R$ 5.000.008,78","R$ 180.000.028,05(R$ 150.000.071,38 + Lote Adicional de R$ 29.999.956,67)",XP Investimentos,,Igualitário,,,"<td><a href=""https://fnet.bmfbovespa.com.br/fnet/publico/visualizarDocumento?id=181317&amp;cvm=true"" rel=""noopener noreferrer"" target=""_blank"">Ata da Assembleia</a>, <a href=""https://fnet.bmfbovespa.com.br/fnet/publico/visualizarDocumento?id=212601&amp;cvm=true"" rel=""noopener noreferrer"" target=""_blank"">Ato do Administrador</a>, <a href=""https://fnet.bmfbovespa.com.br/fnet/publico/visualizarDocumento?id=212602&amp;cvm=true"" rel=""noopener noreferrer"" target=""_blank"">Fato Relevante</a>, <a href=""https://fnet.bmfbovespa.com.br/fnet/publico/visualizarDocumento?id=212603&amp;cvm=true"" rel=""noopener noreferrer"" target=""_blank"">Anúncio de Início</a>, <a href=""https://fnet.bmfbovespa.com.br/fnet/publico/visualizarDocumento?id=212604&amp;cvm=true"" rel=""noopener noreferrer"" target=""_blank"">Prospecto Preliminar</a></td>"
3,BLMG11,3ª,"R$ 99,37Cotação: R$ 98,15 (-1,23%)","-1,23%",13.09.21,Não há,15.09 até 27.09.21Liquidação: 28.09.21,30.09 até 05.10.21Liquidação: 13.10.21,Não há,Andamento,,Oferta Restrita (ICVM 476),"R$ 99,37(Cota: R$ 95,78 + Taxa: R$ 3,59)","0,26409047632 (26,41%)","41,34724793805 (4134,72%)",Não há,"R$ 5.000.000,29","R$ 120.000.006,96(R$ 100.000.005,80 + Lote Adicional de R$ 20.000.001,16)",XP Investimentos,,Proporcional,,O direito de Preferência pode ser cedido - entre cotistas - exclusivamente junto ao escriturador,"<td><a href='”https://fnet.bmfbovespa.com.br/fnet/publico/visualizarDocumento?id=212271&amp;cvm=true""' rel=""noopener noreferrer"" target=""_blank"">Ato do Administrador</a>, <a href=""https://fnet.bmfbovespa.com.br/fnet/publico/visualizarDocumento?id=212274&amp;cvm=true"" rel=""noopener noreferrer"" target=""_blank"">Fato Relevante </a>, <a href=""https://fnet.bmfbovespa.com.br/fnet/publico/visualizarDocumento?id=212275&amp;cvm=true"" rel=""noopener noreferrer"" target=""_blank"">Informações sobre Direitos</a>, <a href=""https://fnet.bmfbovespa.com.br/fnet/publico/visualizarDocumento?id=219192&amp;cvm=true"" rel=""noopener noreferrer"" target=""_blank"">Proporção de Sobras</a></td>"
4,BLMR11,3ª,"R$ 8,97Cotação: R$ 7,64 (-14,83%)","-14,83%",12.11.21,Não há,19.11 até 01.12.21Liquidação: 02.12.21,06.12 até 17.12.21Liquidação: 27.12.21,Não há,Andamento,,Oferta Restrita (ICVM 476),"R$ 8,97(Cota: R$ 8,97 + Taxa: R$ 0,00)","0,42376700312 (42,38%)",,Não há,"R$ 970.885,89","R$ 97.088.589,00",BRL Trust,,Proporcional,,,"<td><a href=""https://fnet.bmfbovespa.com.br/fnet/publico/visualizarDocumento?id=219179&amp;cvm=true"" rel=""noopener noreferrer"" target=""_blank"">Ato do Administrador</a>, <a href=""https://fnet.bmfbovespa.com.br/fnet/publico/visualizarDocumento?id=219182&amp;cvm=true"" rel=""noopener noreferrer"" target=""_blank"">Fato Relevante</a>, <a href=""https://fnet.bmfbovespa.com.br/fnet/publico/visualizarDocumento?id=219173&amp;cvm=true"" rel=""noopener noreferrer"" target=""_blank"">Informações sobre Direitos</a></td>"
5,BREV11,4ª,"R$ 107,34Cotação: R$ 92,62 (-13,71%)","-13,71%",,,,,Não há,Aguardando,,Oferta Restrita (ICVM 476),"R$ 107,34",,,Não há,,"R$ 21.468.000,00",,,,,,
6,BRLA11,5ª,"R$ 143,98Cotação: R$ 0,00 (-100%)","-100,00%",,,,,Não há,Aguardando,,Oferta Restrita (ICVM 476),"R$ 143,98",,,Não há,"R$ 71.236.408,68","R$ 78.000.000,00",BTG Pactual,,,,,"<td><a href=""https://fnet.bmfbovespa.com.br/fnet/publico/visualizarDocumento?id=189049&amp;cvm=true"" rel=""noopener noreferrer"" target=""_blank"">Ata da Assembleia</a></td>"
7,BROL11,1ª,"R$ 104,47",Não há,Não há,Não há,Não há,Não há,14.09 até 14.02.22Liquidação: 03.03.22,Andamento,,Oferta Pública (ICVM 400),"R$ 104,47(Cota: R$ 100,00 + Taxa: R$ 4,47)",Não há,Não há,"R$ 1.044,70 (10 cotas)","R$ 200.000.000,00","R$ 636.000.000,00(R$ 530.000.000,00 + Lote Adicional de R$ 106.000.000,00)",Banco Bradesco BBI S.A.,04.03.22,Proporcional,,Nenhuma,"<td><a href=""http://sistemas.cvm.gov.br/dados/ofeanal/RJ-2020-06247/20210426_Prospecto%20Definitivo.pdf"" rel=""noopener noreferrer"" target=""_blank"">Minuta do Prospecto</a>, <a href=""https://fnet.bmfbovespa.com.br/fnet/publico/visualizarDocumento?id=211658&amp;cvm=true"" rel=""noopener noreferrer"" target=""_blank"">Anúncio de Início</a>, <a href=""https://fnet.bmfbovespa.com.br/fnet/publico/visualizarDocumento?id=211668&amp;cvm=true"" rel=""noopener noreferrer"" target=""_blank"">Prospecto Definitivo</a></td>"
8,BZEL11,2ª,"R$ 100,00",Não há,Não há,Não há,Não há,Não há,,Aguardando,,Oferta Pública (ICVM 400),"R$ 100,00(Cota: R$ 95,97 + Taxa: R$ 4,03)",Não há,Não há,"R$ 1.000,00 (10 cotas)","R$ 700.000.000,00","R$ 1.092.000.000,00(R$ 800.000.000,00 + Lote Adicional de R$ 292.000.000,00)",Itaú BBA,,Proporcional,,Nenhuma,"<td><a href=""https://fnet.bmfbovespa.com.br/fnet/publico/visualizarDocumento?id=151063&amp;cvm=true"" rel=""noopener noreferrer"" target=""_blank"">Prospecto Preliminar</a>, <a href=""https://fnet.bmfbovespa.com.br/fnet/publico/visualizarDocumento?id=150842&amp;cvm=true"" rel=""noopener noreferrer"" target=""_blank"">Aviso ao Mercado</a></td>"
9,BZLI11,4ª,"R$ 11,76Cotação: R$ 16,30 (38,58%)","38,58%",,Não há,Não há,Não há,Não há,Aguardando,,Oferta Restrita (ICVM 476),"R$ 11,76",Não há,Não há,Não há,"R$ 1.000.000,00","R$ 30.000.000,00",,30.07.21,,,,"<td><a href=""https://fnet.bmfbovespa.com.br/fnet/publico/visualizarDocumento?id=192315&amp;cvm=true"" rel=""noopener noreferrer"" target=""_blank"">Ata da Assembleia</a></td>"
10,CJCT11,2ª,"R$ 61,72Cotação: R$ 63,00 (2,07%)","2,07%",22.09.21,Não há,24.09 até 06.10.21Liquidação: 07.10.21,Não há,Não há,Andamento,,Oferta Restrita (ICVM 476),"R$ 61,72(Cota: R$ 61,11 + Taxa: R$ 0,61)","0,0590405904059 (5,9%)",Não há,Não há,"R$ 122.220,00","R$ 9.777.600,00",Hedge Investments,19.10.21,,,O direito de Preferência pode ser cedido - entre cotistas - exclusivamente junto ao escriturador,"<td><a href=""https://fnet.bmfbovespa.com.br/fnet/publico/visualizarDocumento?id=216273&amp;cvm=true"" rel=""noopener noreferrer"" target=""_blank"">Ata da Assembleia</a>, <a href=""https://fnet.bmfbovespa.com.br/fnet/publico/visualizarDocumento?id=216581&amp;cvm=true"" rel=""noopener noreferrer"" target=""_blank"">Fato Relevante </a>, <a href=""https://fnet.bmfbovespa.com.br/fnet/publico/visualizarDocumento?id=216584&amp;cvm=true"" rel=""noopener noreferrer"" target=""_blank"">Informações sobre Direitos</a></td>"
11,CORM11,2ª,"R$ 100,10Cotação: R$ 103,50 (3,4%)","3,40%",,,,,Não há,Aguardando,,Oferta Restrita (ICVM 476),"R$ 100,10(Cota: R$ 100,00 + Taxa: R$ 0,10)","1,41719648 (141,72%)",,"R$ 10.010,00 (100 cotas)","R$ 10.000.000,00","R$ 156.000.000,00(R$ 130.000.000,00 + Lote Adicional de R$ 26.000.000,00)",BTG Pactual,,,,,"<td><a href=""https://fnet.bmfbovespa.com.br/fnet/publico/visualizarDocumento?id=218645&amp;cvm=true"" rel=""noopener noreferrer"" target=""_blank"">Ata da Assembleia</a>, <a href=""https://fnet.bmfbovespa.com.br/fnet/publico/visualizarDocumento?id=218644&amp;cvm=true"" rel=""noopener noreferrer"" target=""_blank"">Fato Relevante</a></td>"
12,CVBI11,6ª,"R$ 100,00Cotação: R$ 101,67 (1,67%)","1,67%",,,,,,Aguardando,,Oferta Pública (ICVM 400),"R$ 100,00(Cota: R$ 100,00 + Taxa: R$ 0,00)",#VALEUR!,,"R$ 10.000,00 (100 cotas)","R$ 30.000.000,00","R$ 396.000.000,00(R$ 330.000.000,00 + Lote Adicional de R$ 66.000.000,00)",XP Investimentos,,,,,"<td><a href=""https://fnet.bmfbovespa.com.br/fnet/publico/visualizarDocumento?id=214430&amp;cvm=true"" rel=""noopener noreferrer"" target=""_blank"">Ato do Administrador</a>, <a href=""https://fnet.bmfbovespa.com.br/fnet/publico/visualizarDocumento?id=214431&amp;cvm=true"" rel=""noopener noreferrer"" target=""_blank"">Fato Relevante</a></td>"
13,DEVA11,5ª,"R$ 100,32Cotação: R$ 102,29 (1,96%)","1,96%",20.09.21,Não há,24.09 até 06.10.21Liquidação: 07.10.21,11.10 até 18.10.21Liquidação: 25.10.21,Não há,Andamento,,Oferta Restrita (ICVM 476),"R$ 100,32(Cota: R$ 98,07 + Taxa: R$ 2,25)","0,274781861701 (27,48%)",,Não há,"R$ 24.840.052,23","R$ 354.000.042,69(R$ 295.000.051,92 + Lote Adicional de R$ 58.999.990,77)",Órama,,Proporcional,,,"<td><a href=""https://fnet.bmfbovespa.com.br/fnet/publico/visualizarDocumento?id=215874&amp;cvm=true"" rel=""noopener noreferrer"" target=""_blank"">Ato do Administrador</a>, <a href=""https://fnet.bmfbovespa.com.br/fnet/publico/visualizarDocumento?id=215884&amp;cvm=true"" rel=""noopener noreferrer"" target=""_blank"">Fato Relevante</a></td>"
14,EQIN11,4ª,"R$ 94,89Cotação: R$ 94,61 (-0,3%)","-0,30%",28.09.21,Não há,01.10 até 14.10.21Liquidação: 18.10.21,19.10 até 22.10.21Liquidação: 29.10.21,Não há,Andamento,,Oferta Restrita (ICVM 476),"R$ 94,89","0,438505655457 (43,85%)",,Não há,"R$ 5.000.038,77","R$ 85.000.184,64(R$ 60.000.085,68 + Lote Adicional de R$ 25.000.098,96)",Guide Investimentos,,Proporcional,,O direito de Preferência pode ser cedido - entre cotistas - exclusivamente junto ao escriturador,"<td><a href='”https://fnet.bmfbovespa.com.br/fnet/publico/visualizarDocumento?id=217712&amp;cvm=true""' rel=""noopener noreferrer"" target=""_blank"">Ato do Administrador</a>, <a href=""https://fnet.bmfbovespa.com.br/fnet/publico/visualizarDocumento?id=217713&amp;cvm=true"" rel=""noopener noreferrer"" target=""_blank"">Fato Relevante </a>, <a href=""https://fnet.bmfbovespa.com.br/fnet/publico/visualizarDocumento?id=218528&amp;cvm=true"" rel=""noopener noreferrer"" target=""_blank"">Informações sobre Direitos</a></td>"
15,EVBI11,4ª,,,Não há,Não há,Não há,Não há,,Aguardando,,Oferta Pública (ICVM 400),,,Não há,A definir,"R$ 30.000.000,00","R$ 301.200.000,00(R$ 251.000.000,00 + Lote Adicional de R$ 50.200.000,00)",XP Investimentos,,,,,"<td><a href=""https://fnet.bmfbovespa.com.br/fnet/publico/visualizarDocumento?id=160836&amp;cvm=true"" rel=""noopener noreferrer"" target=""_blank"">Proposta da Administradora</a></td>"
16,FARM11,1ª,"R$ 100,00",Não há,Não há,Não há,Não há,Não há,30.08 até 01.10.21Liquidação: 07.10.21,Andamento,,Oferta Pública (ICVM 400),"R$ 100,00(Cota: R$ 100,00 + Taxa: R$ 0,00)",Não há,Não há,"R$ 1.000,00 (10 cotas)","R$ 200.000.000,00","R$ 600.000.000,00(R$ 500.000.000,00 + Lote Adicional de R$ 100.000.000,00)",Modal DTVM,08.10.21,Proporcional,,,"<td><a href=""https://fnet.bmfbovespa.com.br/fnet/publico/visualizarDocumento?id=213387&amp;cvm=true"" rel=""noopener noreferrer"" target=""_blank"">Ato do Administrador</a>, <a href=""https://fnet.bmfbovespa.com.br/fnet/publico/visualizarDocumento?id=213392&amp;cvm=true"" rel=""noopener noreferrer"" target=""_blank"">Comunicado de Modificação da Oferta</a>, <a href=""https://fnet.bmfbovespa.com.br/fnet/publico/visualizarDocumento?id=213395&amp;cvm=true"" rel=""noopener noreferrer"" target=""_blank"">Prospecto Preliminar</a>, <a href=""https://fnet.bmfbovespa.com.br/fnet/publico/visualizarDocumento?id=218310&amp;cvm=true"" rel=""noopener noreferrer"" target=""_blank"">Anúncio de Início</a>, <a href=""https://fnet.bmfbovespa.com.br/fnet/publico/visualizarDocumento?id=218318&amp;cvm=true"" rel=""noopener noreferrer"" target=""_blank"">Prospecto Definitivo</a></td>"
17,GCRI11,2ª,"R$ 100,27Cotação: R$ 99,50 (-0,77%)","-0,77%",16.07.21,Não há,23.07 até 04.08.21Liquidação: 05.08.21,21.08 até 26.08.21Liquidação: 28.08.21,Não há,Andamento,,Oferta Restrita (ICVM 476),"R$ 100,27(Cota: R$ 100,00 + Taxa: R$ 0,27)",1 (100%),"20,04680851063 (2004,68%)",Não há,"R$ 5.013.500,00","R$ 129.440.648,67(R$ 86.293.765,78 + Lote Adicional de R$ 43.146.882,89)",Guide Investimentos,,Discricionário,,,"<td><a href=""https://fnet.bmfbovespa.com.br/fnet/publico/visualizarDocumento?id=188194&amp;cvm=true"" rel=""noopener noreferrer"" target=""_blank"">Ato do Administrador</a>, <a href=""https://fnet.bmfbovespa.com.br/fnet/publico/visualizarDocumento?id=188195&amp;cvm=true"" rel=""noopener noreferrer"" target=""_blank"">Fato Relevante </a>, <a href=""https://fnet.bmfbovespa.com.br/fnet/publico/visualizarDocumento?id=192105&amp;cvm=true"" rel=""noopener noreferrer"" target=""_blank"">Comunicado de Modificação da Oferta</a>, <a href=""https://fnet.bmfbovespa.com.br/fnet/publico/visualizarDocumento?id=195892&amp;cvm=true"" rel=""noopener noreferrer"" target=""_blank"">Informações sobre Direitos</a>, <a href=""https://fnet.bmfbovespa.com.br/fnet/publico/visualizarDocumento?id=202024&amp;cvm=true"" rel=""noopener noreferrer"" target=""_blank"">Proporção de Sobras</a> </td>"
18,GLPL11,1ª,"R$ 100,00",Não há,Não há,Não há,Não há,Não há,30.09 até 14.03.22Liquidação: 22.03.22,Andamento,,Oferta Pública (ICVM 400),"R$ 100,00(Cota: R$ 100,00 + Taxa: R$ 0,00)",Não há,Não há,"R$ 1.000,00 (10 cotas)","R$ 763.701.200,00","R$ 1.286.280.000,00(R$ 1.071.900.000,00 + Lote Adicional de R$ 214.380.000,00)",Bradesco BBI,23.03.22,Proporcional,,,"<td><a href=""https://fnet.bmfbovespa.com.br/fnet/publico/visualizarDocumento?id=174219&amp;cvm=true"" rel=""noopener noreferrer"" target=""_blank"">Ato do Administrador</a>, <a href=""https://fnet.bmfbovespa.com.br/fnet/publico/visualizarDocumento?id=217542&amp;cvm=true"" rel=""noopener noreferrer"" target=""_blank"">Anúncio de Início</a>, <a href=""https://fnet.bmfbovespa.com.br/fnet/publico/visualizarDocumento?id=217543&amp;cvm=true"" rel=""noopener noreferrer"" target=""_blank"">Minuta do Prospecto</a></td>"
19,HABT11,3ª,"R$ 102,22Cotação: R$ 111,53 (9,11%)","9,11%",24.09.21,Não há,29.09 até 11.10.21Liquidação: 13.10.21,15.10 até 21.10.21Liquidação: 28.10.21,Não há,Andamento,,Oferta Restrita (ICVM 476),"R$ 102,22(Cota: R$ 98,48 + Taxa: R$ 3,74)","0,30957776703 (30,96%)",,Não há,"R$ 30.000.060,88","R$ 198.000.047,28(R$ 165.000.088,64 + Lote Adicional de R$ 32.999.958,64)",XP Investimentos,,Proporcional,,O direito de Preferência pode ser cedido - entre cotistas - exclusivamente junto ao escriturador,"<td><a href=""https://fnet.bmfbovespa.com.br/fnet/publico/visualizarDocumento?id=217468&amp;cvm=true"" rel=""noopener noreferrer"" target=""_blank"">Ato do Administrador</a>, <a href=""https://fnet.bmfbovespa.com.br/fnet/publico/visualizarDocumento?id=217471&amp;cvm=true"" rel=""noopener noreferrer"" target=""_blank"">Fato Relevante</a>, <a href=""https://fnet.bmfbovespa.com.br/fnet/publico/visualizarDocumento?id=217476&amp;cvm=true"" rel=""noopener noreferrer"" target=""_blank"">Informações sobre Direitos</a></td>"
20,HBRH11,3ª,"R$ 95,30Cotação: R$ 81,26 (-14,73%)","-14,73%",01.06.21,Não há,04.06 até 16.06.21Liquidação: 17.06.21,Não há,Não há,Andamento,,Oferta Restrita (ICVM 476),"R$ 95,30","0,38763452543 (38,76%)",Não há,Não há,"R$ 50.000.002,70","R$ 82.958.650,00",BR Partners,30.06.21,Não há,,,"<td><a href=""https://fnet.bmfbovespa.com.br/fnet/publico/visualizarDocumento?id=179641&amp;cvm=true"" rel=""noopener noreferrer"" target=""_blank"">Fato Relevante </a>, <a href=""https://fnet.bmfbovespa.com.br/fnet/publico/visualizarDocumento?id=179642&amp;cvm=true"" rel=""noopener noreferrer"" target=""_blank"">Ato do Administrador</a></td>"
21,HGCR11,8ª,"R$ 107,70Cotação: R$ 106,85 (-0,79%)","-0,79%",18.06.21,10.11 até 19.11.21,10.11 até 23.11.21Liquidação: 25.11.21,Não há,26.11 até 03.12.21Liquidação: 09.12.21,Andamento,,Oferta Pública (ICVM 400),"R$ 107,70(Cota: R$ 104,67 + Taxa: R$ 3,03)","0,29162906295 (29,16%)",Não há,"R$ 5.385,00 (50 cotas)","R$ 30.000.096,72","R$ 453.200.082,26(R$ 377.666.735,22 + Lote Adicional de R$ 75.533.347,04)",Credit Suisse,,Igualitário (Linear),,Nenhuma,"<td><a href=""https://fnet.bmfbovespa.com.br/fnet/publico/visualizarDocumento?id=169806&amp;cvm=true"" rel=""noopener noreferrer"" target=""_blank"">Fato Relevante</a>, <a href=""https://fnet.bmfbovespa.com.br/fnet/publico/visualizarDocumento?id=169791&amp;cvm=true"" rel=""noopener noreferrer"" target=""_blank"">Ato do Administrador</a>, <a href=""https://fnet.bmfbovespa.com.br/fnet/publico/visualizarDocumento?id=181289&amp;cvm=true"" rel=""noopener noreferrer"" target=""_blank"">Aviso ao Mercado</a>, <a href=""https://fnet.bmfbovespa.com.br/fnet/publico/visualizarDocumento?id=181286&amp;cvm=true"" rel=""noopener noreferrer"" target=""_blank"">Prospecto Preliminar</a>, <a href=""https://fnet.bmfbovespa.com.br/fnet/publico/visualizarDocumento?id=187283&amp;cvm=true"" rel=""noopener noreferrer"" target=""_blank"">Informações sobre Direitos</a>, <a href=""https://fnet.bmfbovespa.com.br/fnet/publico/visualizarDocumento?id=187288&amp;cvm=true"" rel=""noopener noreferrer"" target=""_blank"">Fato Relevante </a>, <a href=""https://fnet.bmfbovespa.com.br/fnet/publico/visualizarDocumento?id=187285&amp;cvm=true"" rel=""noopener noreferrer"" target=""_blank"">Anúncio de Início</a>, <a href=""https://fnet.bmfbovespa.com.br/fnet/publico/visualizarDocumento?id=196953&amp;cvm=true” rel="" noopener="""" noreferrer""="""" target=""_blank"">Comunicado de Modificação da Oferta</a>, <a href=""https://fnet.bmfbovespa.com.br/fnet/publico/visualizarDocumento?id=196955&amp;cvm=true"" rel=""noopener noreferrer"" target=""_blank"">Prospecto Definitivo</a></td>"
22,HOSI11,2ª,"R$ 93,50Cotação: R$ 79,93 (-14,51%)","-14,51%",30.06.21,,05.07 até 16.07.21Liquidação: 19.07.21,21.07 até 26.07.21Liquidação: 28.07.21,Não há,Andamento,,Oferta Restrita (ICVM 476),"R$ 93,50(Cota: R$ 90,06 + Taxa: R$ 3,44)","5,06400558 (506,4%)","8087,6713091922 (808767,13%)",Não há,"R$ 50.000.051,16","R$ 261.530.097,24",BR Partners,,Proporcional,,,"<td><a href=""https://fnet.bmfbovespa.com.br/fnet/publico/visualizarDocumento?id=188689&amp;cvm=true"" rel=""noopener noreferrer"" target=""_blank"">Ato do Administrador</a>, <a href=""https://fnet.bmfbovespa.com.br/fnet/publico/visualizarDocumento?id=188690&amp;cvm=true"" rel=""noopener noreferrer"" target=""_blank"">Fato Relevante </a>, <a href=""https://fnet.bmfbovespa.com.br/fnet/publico/visualizarDocumento?id=189473&amp;cvm=true"" rel=""noopener noreferrer"" target=""_blank"">Informações sobre Direitos</a>, <a href=""https://fnet.bmfbovespa.com.br/fnet/publico/visualizarDocumento?id=196892&amp;cvm=true"" rel=""noopener noreferrer"" target=""_blank"">Proporção de Sobras</a></td>"
23,HREC11,4ª,"R$ 99,59Cotação: R$ 96,99 (-2,61%)","-2,61%",,,,,,Aguardando,,Oferta Pública (ICVM 400),"R$ 99,59(Cota: R$ 96,78 + Taxa: R$ 2,81)","0,7568517217147 (75,69%)",,"R$ 4.979,50 (50 cotas)","R$ 9.678.000,00","R$ 250.156.944,00(R$ 208.464.120,00 + Lote Adicional de R$ 41.692.824,00)",Hedge Investments,,,,,"<td><a href=""https://fnet.bmfbovespa.com.br/fnet/publico/visualizarDocumento?id=206658&amp;cvm=true"" rel=""noopener noreferrer"" target=""_blank"">Ato do Administrador</a>, <a href=""https://fnet.bmfbovespa.com.br/fnet/publico/visualizarDocumento?id=206656&amp;cvm=true"" rel=""noopener noreferrer"" target=""_blank"">Fato Relevante</a></td>"
24,HTMX11,15ª,"R$ 150,76Cotação: R$ 102,56 (-31,97%)","-31,97%",,,,,Não há,Aguardando,,Oferta Restrita (ICVM 476),"R$ 150,76(Cota: R$ 146,65 + Taxa: R$ 4,11)",,,Não há,"R$ 32.000.056,55","R$ 32.000.056,55",BTG Pactual,,Não há,,Aguardando o Fato Relevante para confirmação das informações.,"<td><a href=""https://fnet.bmfbovespa.com.br/fnet/publico/exibirDocumento?id=82605&amp;cvm=true"" rel=""noopener noreferrer"" target=""_blank"">Proposta da Administradora</a></td>"
25,JSAF11,1ª,"R$ 100,00",Não há,Não há,Não há,Não há,Não há,20.08 até 20.10.21Liquidação: 27.10.21,Andamento,,Oferta Pública (ICVM 400),"R$ 100,00(Cota: R$ 100,00 + Taxa: R$ 0,00)",Não há,Não há,"R$ 1.000,00 (10 cotas)","R$ 80.000.000,00","R$ 240.000.000,00(R$ 200.000.000,00 + Lote Adicional de R$ 40.000.000,00)",Banco Safra,01.11.21,Proporcional,,,"<td><a href=""https://fnet.bmfbovespa.com.br/fnet/publico/visualizarDocumento?id=213711&amp;cvm=true"" rel=""noopener noreferrer"" target=""_blank"">Aviso ao Mercado</a>, <a href=""https://fnet.bmfbovespa.com.br/fnet/publico/visualizarDocumento?id=215598&amp;cvm=true"" rel=""noopener noreferrer"" target=""_blank"">Comunicado de Modificação da Oferta</a>, <a href=""https://fnet.bmfbovespa.com.br/fnet/publico/visualizarDocumento?id=215602&amp;cvm=true"" rel=""noopener noreferrer"" target=""_blank"">Prospecto Preliminar</a></td>"
26,KNCA11,1ª,"R$ 101,30",Não há,Não há,Não há,Não há,Não há,15.10 até 13.04.22Liquidação: 13.04.22,Andamento,,Oferta Pública (ICVM 400),"R$ 101,30(Cota: R$ 100,00 + Taxa: R$ 1,30)",Não há,Não há,"R$ 10.130,00 (100 cotas)","R$ 20.000.000,00","R$ 510.000.000,00(R$ 425.000.000,00 + Lote Adicional de R$ 85.000.000,00)",Itaú BBA,13.04.22,,,,"<td><a href=""https://fnet.bmfbovespa.com.br/fnet/publico/visualizarDocumento?id=212645&amp;cvm=true"" rel=""noopener noreferrer"" target=""_blank"">Ato do Administrador</a>, <a href=""https://fnet.bmfbovespa.com.br/fnet/publico/visualizarDocumento?id=218957&amp;cvm=true"" rel=""noopener noreferrer"" target=""_blank"">Aviso ao Mercado</a>, <a href=""https://fnet.bmfbovespa.com.br/fnet/publico/visualizarDocumento?id=218960&amp;cvm=true"" rel=""noopener noreferrer"" target=""_blank"">Prospecto Preliminar</a></td>"
27,KNCR11,9ª,"R$ 105,97Cotação: R$ 96,75 (-8,7%)","-8,70%",Não há,Não há,Não há,Não há,,Aguardando,,Oferta Pública (ICVM 400),"R$ 105,97(Cota: R$ 104,30 + Taxa: R$ 1,67)",Não há,Não há,"R$ 25.432,80 ( cotas)","R$ 10.000.075,40","R$ 360.000.002,60(R$ 300.000.071,70 + Lote Adicional de R$ 59.999.930,90)",XP Investimentos,,Ordem de Chegada,,Aguardando o Prospecto Definitivo para confirmação das informações.,"<td><a href=""https://fnet.bmfbovespa.com.br/fnet/publico/visualizarDocumento?id=77403"" rel=""noopener noreferrer"" target=""_blank"">Proposta do Administrador</a>, <a href=""http://sistemas.cvm.gov.br/dados/ofeanal/RJ-2020-00903/20200212_Minuta%20do%20Prospecto.pdf"" rel=""noopener noreferrer"" target=""_blank"">Minuta do Prospecto</a>, <a href=""https://fnet.bmfbovespa.com.br/fnet/publico/visualizarDocumento?id=106071&amp;cvm=true"" rel=""noopener noreferrer"" target=""_blank"">Ata da Assembleia</a></td>"
28,KNIP11,9ª,"R$ 101,91Cotação: R$ 102,01 (0,1%)","0,10%",Não há,Não há,Não há,Não há,,Aguardando,,Oferta Pública (ICVM 400),"R$ 101,91(Cota: R$ 100,60 + Taxa: R$ 1,31)",Não há,Não há,"R$ 10.191,00 (100 cotas)","R$ 20.120.000,00","R$ 1.207.200.000,00(R$ 1.006.000.000,00 + Lote Adicional de R$ 201.200.000,00)",Itaú BBA,,,,"Os investidores deverão ser clientes correntistas dos segmentos Institucionais, Corporate, Private, Personnalité, Itaú Uniclass e Itaú Agências do Itaú Unibanco.","<td><a href=""https://fnet.bmfbovespa.com.br/fnet/publico/visualizarDocumento?id=216830&amp;cvm=true"" rel=""noopener noreferrer"" target=""_blank"">Ata da Assembleia</a>, <a href=""https://fnet.bmfbovespa.com.br/fnet/publico/visualizarDocumento?id=217192&amp;cvm=true"" rel=""noopener noreferrer"" target=""_blank"">Prospecto Preliminar</a>, <a href=""https://fnet.bmfbovespa.com.br/fnet/publico/visualizarDocumento?id=217358&amp;cvm=true"" rel=""noopener noreferrer"" target=""_blank"">Aviso ao Mercado</a></td>"
29,KNSC11,3ª,"R$ 96,04Cotação: R$ 98,17 (2,22%)","2,22%",17.08.21,Não há,19.08 até 31.08.21Liquidação: 01.09.21,03.09 até 09.09.21Liquidação: 16.09.21,Não há,Andamento,,Oferta Restrita (ICVM 476),"R$ 96,04(Cota: R$ 92,77 + Taxa: R$ 3,27)","0,33139184687 (33,14%)","2,00972302941 (200,97%)",Não há,"R$ 20.000.005,99","R$ 237.212.890,00(R$ 197.677.470,18 + Lote Adicional de R$ 39.535.419,82)",XP Investimentos,,Proporcional,,,"<td><a href=""https://fnet.bmfbovespa.com.br/fnet/publico/visualizarDocumento?id=203386&amp;cvm=true"" rel=""noopener noreferrer"" target=""_blank"">Ato do Administrador</a>, <a href=""https://fnet.bmfbovespa.com.br/fnet/publico/visualizarDocumento?id=203389&amp;cvm=true"" rel=""noopener noreferrer"" target=""_blank"">Fato Relevante</a>, <a href=""https://fnet.bmfbovespa.com.br/fnet/publico/visualizarDocumento?id=207498&amp;cvm=true"" rel=""noopener noreferrer"" target=""_blank"">Ato do Administrador</a>, <a href=""https://fnet.bmfbovespa.com.br/fnet/publico/visualizarDocumento?id=207502&amp;cvm=true"" rel=""noopener noreferrer"" target=""_blank"">Comunicado de Modificação da Oferta</a>, <a href=""https://fnet.bmfbovespa.com.br/fnet/publico/visualizarDocumento?id=207510&amp;cvm=true"" rel=""noopener noreferrer"" target=""_blank"">Informações sobre Direitos</a>, <a href=""https://fnet.bmfbovespa.com.br/fnet/publico/visualizarDocumento?id=211166&amp;cvm=true"" rel=""noopener noreferrer"" target=""_blank"">Proporção de Sobras</a></td>"
30,LASC11,2ª,,,,,,,Não há,Aguardando,,Oferta Restrita (ICVM 476),,,,Não há,"R$ 30.000.000,00","R$ 180.000.000,00(R$ 150.000.000,00 + Lote Adicional de R$ 30.000.000,00)",,,Não há,,Aguardando o Fato Relevante para confirmação das informações.,"<td><a href=""https://fnet.bmfbovespa.com.br/fnet/publico/exibirDocumento?id=122123&amp;cvm=true"" rel=""noopener noreferrer"" target=""_blank"">Apuração da Consulta Formal</a></td>"
31,MCFF11,1ª,"R$ 100,00",Não há,Não há,Não há,Não há,Não há,07.06 até 25.06.21Liquidação: 01.07.21,Aguardando,,Oferta Pública (ICVM 400),"R$ 100,00(Cota: R$ 96,13 + Taxa: R$ 3,87)",Não há,Não há,"R$ 25.000,00 (250 cotas)","R$ 30.000.000,00","R$ 300.000.000,00(R$ 250.000.000,00 + Lote Adicional de R$ 50.000.000,00)",XP Investimentos,,Igualitário (Linear),,Nenhuma,"<td><a href=""https://fnet.bmfbovespa.com.br/fnet/publico/exibirDocumento?id=117905&amp;cvm=true"" rel=""noopener noreferrer"" target=""_blank"">Prospecto Preliminar</a>, <a href=""https://fnet.bmfbovespa.com.br/fnet/publico/exibirDocumento?id=117904&amp;cvm=true"" rel=""noopener noreferrer"" target=""_blank"">Aviso ao Mercado</a>, <a href=""https://fnet.bmfbovespa.com.br/fnet/publico/visualizarDocumento?id=179709&amp;cvm=true"" rel=""noopener noreferrer"" target=""_blank"">Prospecto Preliminar</a>, <a href=""https://fnet.bmfbovespa.com.br/fnet/publico/visualizarDocumento?id=188970&amp;cvm=true"" rel=""noopener noreferrer"" target=""_blank"">Anúncio de Início</a>, <a href=""https://fnet.bmfbovespa.com.br/fnet/publico/visualizarDocumento?id=188973&amp;cvm=true"" rel=""noopener noreferrer"" target=""_blank"">Prospecto Definitivo</a></td>"
32,MINT11,2ª,"R$ 110,00Cotação: R$ 112,00 (1,82%)","1,82%",18.06.21,,22.06 até 02.07.21Liquidação: 13.07.21,,Não há,Andamento,,Oferta Restrita (ICVM 476),"R$ 110,00(Cota: R$ 106,79 + Taxa: R$ 3,21)","3,49650384615 (349,65%)",,Não há,"R$ 29.124.623,12","R$ 232.996.344,22(R$ 194.163.655,78 + Lote Adicional de R$ 38.832.688,44)",BR Partners,,Proporcional,,,"<td><a href=""https://fnet.bmfbovespa.com.br/fnet/publico/visualizarDocumento?id=186111&amp;cvm=true"" rel=""noopener noreferrer"" target=""_blank"">Ato do Administrador</a>, <a href=""https://fnet.bmfbovespa.com.br/fnet/publico/visualizarDocumento?id=186091&amp;cvm=true"" rel=""noopener noreferrer"" target=""_blank"">Fato Relevante</a>, <a href=""https://fnet.bmfbovespa.com.br/fnet/publico/visualizarDocumento?id=186105&amp;cvm=true"" rel=""noopener noreferrer"" target=""_blank"">Informações sobre Direitos</a></td>"
33,MTOF11,2ª,"R$ 100,00",Não há,01.06.21,07.06 até 15.06.21,07.06 até 17.06.21Liquidação: 18.06.21,Não há,07.06 até 24.11.21Liquidação: 30.11.21,Andamento,,Oferta Pública (ICVM 400),"R$ 100,00(Cota: R$ 95,66 + Taxa: R$ 4,34)","1,003904 (100,39%)",Não há,"R$ 1.000,00 (10 cotas)","R$ 40.000.000,00","R$ 216.000.000,00(R$ 180.000.000,00 + Lote Adicional de R$ 36.000.000,00)",Genial Investimentos,02.12.21,Proporcional,,,"<td><a href=""https://fnet.bmfbovespa.com.br/fnet/publico/visualizarDocumento?id=170315&amp;cvm=true"" rel=""noopener noreferrer"" target=""_blank"">Aviso ao Mercado</a>, <a href=""https://fnet.bmfbovespa.com.br/fnet/publico/visualizarDocumento?id=178804&amp;cvm=true"" rel=""noopener noreferrer"" target=""_blank"">Informações sobre Direitos</a>, <a href=""https://fnet.bmfbovespa.com.br/fnet/publico/visualizarDocumento?id=178787&amp;cvm=true"" rel=""noopener noreferrer"" target=""_blank"">Prospecto Preliminar</a>, <a href=""https://fnet.bmfbovespa.com.br/fnet/publico/visualizarDocumento?id=181082&amp;cvm=true"" rel=""noopener noreferrer"" target=""_blank"">Anúncio de Início</a>, <a href=""https://fnet.bmfbovespa.com.br/fnet/publico/visualizarDocumento?id=192896&amp;cvm=true"" rel=""noopener noreferrer"" target=""_blank"">Comunicado de Modificação da Oferta</a>, <a href=""https://fnet.bmfbovespa.com.br/fnet/publico/visualizarDocumento?id=192976&amp;cvm=true"" rel=""noopener noreferrer"" target=""_blank"">Prospecto Definitivo</a></td>"
34,OURE11,3ª,"R$ 88,31Cotação: R$ 85,63 (-3,03%)","-3,03%",22.07.21,30.07 até 09.08.21,30.07 até 11.08.21Liquidação: 12.08.21,18.08 até 24.08.21Liquidação: 01.09.21,03.09 até 20.09.21Liquidação: 24.09.21,Andamento,,Oferta Pública (ICVM 400),"R$ 88,31(Cota: R$ 88,31 + Taxa: R$ 0,00)","1,08915568753 (108,92%)","39,35611494765 (3935,61%)","R$ 10.067,34 (114 cotas)","R$ 20.046.370,00","R$ 96.010.632,00(R$ 80.008.860,00 + Lote Adicional de R$ 16.001.772,00)",Guide Investimentos,,Proporcional,,Aguardando a divulgação dos documentos da oferta para confirmação das informações.,"<td><a href=""https://fnet.bmfbovespa.com.br/fnet/publico/visualizarDocumento?id=178673&amp;cvm=true"" rel=""noopener noreferrer"" target=""_blank"">Ato do Administrador</a>, <a href=""https://fnet.bmfbovespa.com.br/fnet/publico/visualizarDocumento?id=178816&amp;cvm=true"" rel=""noopener noreferrer"" target=""_blank"">Fato Relevante </a>, <a href=""https://fnet.bmfbovespa.com.br/fnet/publico/visualizarDocumento?id=196888&amp;cvm=true"" rel=""noopener noreferrer"" target=""_blank"">Anúncio de Início</a>, <a href=""https://fnet.bmfbovespa.com.br/fnet/publico/visualizarDocumento?id=196889&amp;cvm=true"" rel=""noopener noreferrer"" target=""_blank"">Prospecto Definitivo</a>, <a href='”https://fnet.bmfbovespa.com.br/fnet/publico/visualizarDocumento?id=196890&amp;cvm=true""' rel=""noopener noreferrer"" target=""_blank"">Informações sobre Direitos</a>, <a href=""https://fnet.bmfbovespa.com.br/fnet/publico/visualizarDocumento?id=204525&amp;cvm=true"" rel=""noopener noreferrer"" target=""_blank"">Proporção de Sobras</a></td>"
35,PBLV11,11ª,"R$ 1.328,73Cotação: R$ 0,00 (-100%)","-100,00%",17.09.21,Não há,20.09 até 01.10.21Liquidação: Pendente,Não há,Não há,Andamento,,Oferta Restrita (ICVM 476),"R$ 1.328,73(Cota: R$ 1.328,73 + Taxa: R$ 0,00)","0,02745462 (2,75%)",Não há,Não há,"R$ 13.287.300,00","R$ 106.298.400,00",BRL Trust,,,,O direito de Preferência pode ser cedido - entre cotistas - exclusivamente junto ao escriturador,"<td><a href=""https://fnet.bmfbovespa.com.br/fnet/publico/visualizarDocumento?id=216280&amp;cvm=true"" rel=""noopener noreferrer"" target=""_blank"">Ata da Assembleia</a>, <a href=""https://fnet.bmfbovespa.com.br/fnet/publico/visualizarDocumento?id=216508&amp;cvm=true"" rel=""noopener noreferrer"" target=""_blank"">Fato Relevante</a>, <a href=""https://fnet.bmfbovespa.com.br/fnet/publico/visualizarDocumento?id=216364&amp;cvm=true"" rel=""noopener noreferrer"" target=""_blank"">Informações sobre Direitos</a></td>"
36,PVBI11,2ª,"R$ 95,50Cotação: R$ 86,31 (-9,62%)","-9,62%",29.07.21,Não há,03.08 até 13.08.21Liquidação: 16.08.21,18.08 até 24.08.21Liquidação: 31.08.21,Não há,Andamento,,Oferta Restrita (ICVM 476),"R$ 95,50(Cota: R$ 95,38 + Taxa: R$ 0,12)","0,36089032921 (36,09%)","25,7106403772 (2571,06%)",Não há,"R$ 19.974.861,12","R$ 401.494.861,12(R$ 334.579.114,52 + Lote Adicional de R$ 66.915.746,60)",Itaú BBA,,Proporcional,,,"<td><a href=""https://fnet.bmfbovespa.com.br/fnet/publico/visualizarDocumento?id=197745&amp;cvm=true"" rel=""noopener noreferrer"" target=""_blank"">Ato do Administrador</a>, <a href=""https://fnet.bmfbovespa.com.br/fnet/publico/visualizarDocumento?id=197750&amp;cvm=true"" rel=""noopener noreferrer"" target=""_blank"">Fato Relevante</a>, <a href='”https://fnet.bmfbovespa.com.br/fnet/publico/visualizarDocumento?id=198243&amp;cvm=true""' rel=""noopener noreferrer"" target=""_blank"">Informações sobre Direitos</a>, <a href=""https://fnet.bmfbovespa.com.br/fnet/publico/visualizarDocumento?id=207197&amp;cvm=true"" rel=""noopener noreferrer"" target=""_blank"">Proporção de Sobras</a></td>"
37,QIFF11,2ª,"R$ 98,76Cotação: R$ 97,49 (-1,29%)","-1,29%",04.02.21,21.05 até 31.05.21,21.05 até 02.06.21Liquidação: 04.06.21,08.06 até 11.06.21Liquidação: 18.06.21,21.05 até 24.06.21Liquidação: 30.12.99,Andamento,,Oferta Pública (ICVM 400),"R$ 98,76(Cota: R$ 94,57 + Taxa: R$ 4,19)","7,053333333 (705,33%)","32,38065941 (3238,07%)","R$ 1.086,36 (11 cotas)","R$ 20.048.840,00","R$ 120.066.072,00(R$ 100.055.060,00 + Lote Adicional de R$ 20.011.012,00)",Genial Investimentos,,Proporcional,,"¹ O cotista poderá informar, junto ao exercício dos direitos de sobras, o quanto ele gostaria de adquirir de cotas no Montante Adicional.","<td><a href=""https://fnet.bmfbovespa.com.br/fnet/publico/visualizarDocumento?id=144370&amp;cvm=true"" rel=""noopener noreferrer"" target=""_blank"">Ato do Administrador</a>, <a href=""https://fnet.bmfbovespa.com.br/fnet/publico/visualizarDocumento?id=144371&amp;cvm=true"" rel=""noopener noreferrer"" target=""_blank"">Fato Relevante</a>, <a href=""http://sistemas.cvm.gov.br/dados/ofeanal/RJ-2021-00643/643%2020210324_ProspectoProspecto.pdf"" rel=""noopener noreferrer"" target=""_blank"">Minuta do Prospecto</a>, <a href=""https://fnet.bmfbovespa.com.br/fnet/publico/visualizarDocumento?id=174995&amp;cvm=true"" rel=""noopener noreferrer"" target=""_blank"">Anúncio de Início</a>, <a href=""https://fnet.bmfbovespa.com.br/fnet/publico/visualizarDocumento?id=182222&amp;cvm=true"" rel=""noopener noreferrer"" target=""_blank"">Proporção de Sobras</a>, <a href=""https://fnet.bmfbovespa.com.br/fnet/publico/visualizarDocumento?id=192859&amp;cvm=true"" rel=""noopener noreferrer"" target=""_blank"">Comunicado de Modificação da Oferta</a>, <a href=""https://fnet.bmfbovespa.com.br/fnet/publico/visualizarDocumento?id=192860&amp;cvm=true"" rel=""noopener noreferrer"" target=""_blank"">Prospecto Definitivo</a></td>"
38,QREC11,1ª,"R$ 100,00",Não há,Não há,Não há,Não há,Não há,11.02 até 22.03.21Liquidação: 07.04.21,Andamento,,Oferta Pública (ICVM 400),"R$ 100,00",Não há,Não há,"R$ 25.000,00 (250 cotas)","R$ 150.000.000,00","R$ 240.000.000,00(R$ 200.000.000,00 + Lote Adicional de R$ 40.000.000,00)",XP Investimentos,,Proporcional,,Aguardando o Prospecto Definitivo para confirmação das informações.,"<td><a href=""http://sistemas.cvm.gov.br/dados/ofeanal/RJ-2021-00643/20210205_Minuta%20do%20Prospecto.PDF"" rel=""noopener noreferrer"" target=""_blank"">Minuta do Prospecto Preliminar</a>, <a href=""http://sistemas.cvm.gov.br/dados/ofeanal/RJ-2019-07046/20210204_Aviso%20ao%20Mercado.pdf"" rel=""noopener noreferrer"" target=""_blank"">Aviso ao Mercado</a>, <a href=""https://fnet.bmfbovespa.com.br/fnet/publico/visualizarDocumento?id=163575&amp;cvm=true"" rel=""noopener noreferrer"" target=""_blank"">Prospecto Definitivo</a></td>"
39,RBED11,4ª,,,Pendente,,,,,Aguardando,,Oferta Pública (ICVM 400),,#VALEUR!,,A definir,"R$ 10.000.076,12","R$ 174.000.083,60(R$ 145.000.021,60 + Lote Adicional de R$ 29.000.062,00)",Rio Bravo Investimentos,,,,,"<td><a href='”https://fnet.bmfbovespa.com.br/fnet/publico/visualizarDocumento?id=211412&amp;cvm=true""' rel=""noopener noreferrer"" target=""_blank"">Ato do Administrador</a>, <a href=""https://fnet.bmfbovespa.com.br/fnet/publico/visualizarDocumento?id=211411&amp;cvm=true"" rel=""noopener noreferrer"" target=""_blank"">Fato Relevante </a></td>"
40,RECR11,11ª,"R$ 98,00Cotação: R$ 101,70 (3,78%)","3,78%",23.09.21,Não há,28.09 até 11.10.21Liquidação: 13.10.21,15.10 até 21.10.21Liquidação: 28.10.21,Não há,Andamento,,Oferta Restrita (ICVM 476),"R$ 98,00(Cota: R$ 98,00 + Taxa: R$ 0,00)","0,28960123406 (28,96%)",,Não há,"R$ 9.999.920,00","R$ 659.999.816,00(R$ 549.999.912,00 + Lote Adicional de R$ 109.999.904,00)",BRL Trust,,,,O direito de Preferência pode ser cedido - entre cotistas - exclusivamente junto ao escriturador,"<td><a href='”https://fnet.bmfbovespa.com.br/fnet/publico/visualizarDocumento?id=216819&amp;cvm=true""' rel=""noopener noreferrer"" target=""_blank"">Ato do Administrador</a>, <a href=""https://fnet.bmfbovespa.com.br/fnet/publico/visualizarDocumento?id=216821&amp;cvm=true"" rel=""noopener noreferrer"" target=""_blank"">Fato Relevante </a>, <a href=""https://fnet.bmfbovespa.com.br/fnet/publico/visualizarDocumento?id=216816&amp;cvm=true"" rel=""noopener noreferrer"" target=""_blank"">Informações sobre Direitos</a> </td>"
41,RECX11,2ª,"R$ 93,14Cotação: R$ 95,00 (2%)","2,00%",13.09.21,Não há,16.09 até 28.09.21Liquidação: 29.09.21,01.10 até 06.10.21Liquidação: 14.10.21,Não há,Andamento,,Oferta Restrita (ICVM 476),"R$ 93,14(Cota: R$ 93,14 + Taxa: R$ 0,00)","1,0836937487 (108,37%)",,Não há,"R$ 1.000.323,60","R$ 24.000.501,48(R$ 20.000.417,90 + Lote Adicional de R$ 4.000.083,58)",BTG Pactual,,,,,"<td><a href='”https://fnet.bmfbovespa.com.br/fnet/publico/visualizarDocumento?id=212265&amp;cvm=true""' rel=""noopener noreferrer"" target=""_blank"">Ato do Administrador</a>, <a href=""https://fnet.bmfbovespa.com.br/fnet/publico/visualizarDocumento?id=212266&amp;cvm=true"" rel=""noopener noreferrer"" target=""_blank"">Fato Relevante </a>, <a href=""https://fnet.bmfbovespa.com.br/fnet/publico/visualizarDocumento?id=212995&amp;cvm=true"" rel=""noopener noreferrer"" target=""_blank"">Informações sobre Direitos</a></td>"
42,RZAG11,1ª,"R$ 10,00",Não há,Não há,Não há,Não há,Não há,02.09 até 29.09.21Liquidação: 05.10.21,Andamento,,Oferta Pública (ICVM 400),"R$ 10,00(Cota: R$ 10,00 + Taxa: R$ 0,00)",Não há,Não há,"R$ 10.000,00 (1000 cotas)","R$ 50.000.000,00","R$ 420.000.000,00(R$ 350.000.000,00 + Lote Adicional de R$ 70.000.000,00)",XP Investimentos,,Igualitário,,,"<td><a href=""https://fnet.bmfbovespa.com.br/fnet/publico/visualizarDocumento?id=209127&amp;cvm=true"" rel=""noopener noreferrer"" target=""_blank"">Ato do Administrador</a>, <a href=""http://fnet.bmfbovespa.com.br/fnet/publico/visualizarDocumento?id=209706&amp;cvm=true"" rel=""noopener noreferrer"" target=""_blank"">Anúncio de Início</a>, <a href=""http://fnet.bmfbovespa.com.br/fnet/publico/visualizarDocumento?id=209708&amp;cvm=true"" rel=""noopener noreferrer"" target=""_blank"">Prospecto Preliminar</a></td>"
43,RZAK11,2ª,"R$ 100,19Cotação: R$ 87,82 (-12,35%)","-12,35%",30.09.21,07.10 até 18.10.21,07.10 até 20.10.21Liquidação: 21.10.21,Não há,07.10 até 11.11.21Liquidação: 18.11.21,Andamento,,Oferta Pública (ICVM 400),"R$ 100,19(Cota: R$ 96,67 + Taxa: R$ 3,52)","1,20615784076 (120,62%)",Não há,"R$ 10.419,76 (104 cotas)","R$ 30.000.084,45","R$ 420.000.022,26(R$ 350.000.018,55 + Lote Adicional de R$ 70.000.003,71)",XP Investimentos,,Igualitário (Linear),,Aguardando os documentos da oferta para confirmação das informações.,"<td><a href=""https://fnet.bmfbovespa.com.br/fnet/publico/visualizarDocumento?id=180171&amp;cvm=true"" rel=""noopener noreferrer"" target=""_blank"">Ato do Administrador</a>, <a href=""https://fnet.bmfbovespa.com.br/fnet/publico/visualizarDocumento?id=180173&amp;cvm=true"" rel=""noopener noreferrer"" target=""_blank"">Fato Relevante </a>, <a href=""https://fnet.bmfbovespa.com.br/fnet/publico/visualizarDocumento?id=207573&amp;cvm=true"" rel=""noopener noreferrer"" target=""_blank"">Comunicado de Modificação da Oferta</a>, <a href=""https://fnet.bmfbovespa.com.br/fnet/publico/visualizarDocumento?id=207574&amp;cvm=true"" rel=""noopener noreferrer"" target=""_blank"">Prospecto Preliminar</a>, <a href=""https://fnet.bmfbovespa.com.br/fnet/publico/visualizarDocumento?id=219191&amp;cvm=true"" rel=""noopener noreferrer"" target=""_blank"">Ato do Administrador</a>, <a href=""https://fnet.bmfbovespa.com.br/fnet/publico/visualizarDocumento?id=219194&amp;cvm=true"" rel=""noopener noreferrer"" target=""_blank"">Fato Relevante </a></td>"
44,SDIL11,6ª,"R$ 100,87Cotação: R$ 88,75 (-12,02%)","-12,02%",27.08.21,03.09 até 14.09.21,03.09 até 16.09.21Liquidação: 17.09.21,21.09 até 24.09.21Liquidação: 01.10.21,04.10 até 13.10.21Liquidação: 19.10.21,Andamento,,Oferta Pública (ICVM 400),"R$ 100,87(Cota: R$ 97,01 + Taxa: R$ 3,86)","0,3868612442436 (38,69%)",,"R$ 1.008,70 (10 cotas)","R$ 50.000.021,11","R$ 288.002.899,96(R$ 240.002.448,97 + Lote Adicional de R$ 48.000.450,99)",BTG Pactual,20.10.21,Proporcional,,Aguardando o Prospecto Definitivo para confirmação das informações.,"<td><a href=""https://fnet.bmfbovespa.com.br/fnet/publico/visualizarDocumento?id=157633&amp;cvm=true"" rel=""noopener noreferrer"" target=""_blank"">Fato Relevante</a>, <a href=""https://fnet.bmfbovespa.com.br/fnet/publico/visualizarDocumento?id=157634&amp;cvm=true"" rel=""noopener noreferrer"" target=""_blank"">Ato do Administrador</a>, <a href=""http://fnet.bmfbovespa.com.br/fnet/publico/visualizarDocumento?id=209376&amp;cvm=true"" rel=""noopener noreferrer"" target=""_blank"">Anúncio de Início</a>, <a href=""http://fnet.bmfbovespa.com.br/fnet/publico/visualizarDocumento?id=209375&amp;cvm=true"" rel=""noopener noreferrer"" target=""_blank"">Prospecto Definitivo</a>, <a href=""https://fnet.bmfbovespa.com.br/fnet/publico/visualizarDocumento?id=209420&amp;cvm=true"" rel=""noopener noreferrer"" target=""_blank"">Informações sobre Direitos</a></td>"
45,SEQR11,2ª,"R$ 100,00Cotação: R$ 82,68 (-17,32%)","-17,32%",21.07.21,Não há,23.07 até 04.08.21Liquidação: 05.08.21,Não há,Não há,Andamento,,Oferta Restrita (ICVM 476),"R$ 100,00(Cota: R$ 100,00 + Taxa: R$ 0,00)","0,0853546143 (8,54%)",Não há,Não há,,"R$ 12.650.000,00",Vórtx,,,,,"<td><a href=""https://fnet.bmfbovespa.com.br/fnet/publico/visualizarDocumento?id=195947&amp;cvm=true"" rel=""noopener noreferrer"" target=""_blank"">Ata da Assembleia</a>, <a href=""https://fnet.bmfbovespa.com.br/fnet/publico/visualizarDocumento?id=195959&amp;cvm=true"" rel=""noopener noreferrer"" target=""_blank"">Fato Relevante </a>, <a href=""https://fnet.bmfbovespa.com.br/fnet/publico/visualizarDocumento?id=196650&amp;cvm=true"" rel=""noopener noreferrer"" target=""_blank"">Informações sobre Direitos</a></td>"
46,TICK11¹,1ª,"R$ 82,40",Não há,,,,,Não há,Aguardando,,Oferta Restrita (ICVM 476),"R$ 82,40(Cota: R$ 80,00 + Taxa: R$ 2,40)",,,"R$ 8.240,00 (100 cotas)","R$ 50.000.000,00","R$ 200.000.000,00",,,,,¹ Fundo sem ticker: CSHG Residencial – Fundo de Investimento Imobiliário; ² Oferta restrita a investidores profissionais,"<td><a href='”https://fnet.bmfbovespa.com.br/fnet/publico/visualizarDocumento?id=217707&amp;cvm=true""' rel=""noopener noreferrer"" target=""_blank"">Ato do Administrador</a> </td>"
47,TICK11²,1ª,"R$ 100,00",Não há,,,,,Não há,Aguardando,,Oferta Restrita (ICVM 476),"R$ 100,00",,,Não há,"R$ 30.000.000,00","R$ 200.000.000,00",BTG Pactual,,,,¹ Fundo sem ticker: Fundo de Investimento Imobiliário Prime Offices III; ² Oferta restrita a investidores profissionais,"<td><a href='”https://fnet.bmfbovespa.com.br/fnet/publico/visualizarDocumento?id=218075&amp;cvm=true""' rel=""noopener noreferrer"" target=""_blank"">Ato do Administrador</a></td>"
48,TICK11³,1ª,"R$ 100,00",Não há,,Não há,Não há,,,Aguardando,,Oferta Pública (ICVM 400),"R$ 100,00(Cota: R$ 100,00 + Taxa: R$ 0,00)",Não há,,"R$ 25.000,00 (250 cotas)","R$ 40.000.000,00","R$ 480.000.000,00(R$ 400.000.000,00 + Lote Adicional de R$ 80.000.000,00)",XP Investimentos,,,,¹ Fundo sem ticker: RBR Alpha Plus Multriestratégia Real Estate Fundo de InvestimentoImobiliário,"<td><a href=""https://fnet.bmfbovespa.com.br/fnet/publico/visualizarDocumento?id=194371&amp;cvm=true"" rel=""noopener noreferrer"" target=""_blank"">Ata da Assembleia</a></td>"
49,TRXF11,5ª,"R$ 102,50Cotação: R$ 101,40 (-1,07%)","-1,07%",20.07.21,Não há,26.07 até 05.08.21Liquidação: 06.08.21,10.08 até 13.08.21Liquidação: 20.08.21,Não há,Andamento,,Oferta Restrita (ICVM 476),"R$ 102,50(Cota: R$ 100,00 + Taxa: R$ 2,50)","0,35451426 (35,45%)","4,069739899 (406,97%)",Não há,"R$ 5.000.000,00","R$ 240.000.000,00(R$ 200.000.000,00 + Lote Adicional de R$ 40.000.000,00)",BR Partners,,Proporcional,,,"<td><a href=""https://fnet.bmfbovespa.com.br/fnet/publico/visualizarDocumento?id=196231&amp;cvm=true"" rel=""noopener noreferrer"" target=""_blank"">Ato do Administrador</a>, <a href=""https://fnet.bmfbovespa.com.br/fnet/publico/visualizarDocumento?id=196235&amp;cvm=true"" rel=""noopener noreferrer"" target=""_blank"">Fato Relevante </a>, <a href=""https://fnet.bmfbovespa.com.br/fnet/publico/visualizarDocumento?id=196236&amp;cvm=true"" rel=""noopener noreferrer"" target=""_blank"">Informações sobre Direitos</a>, <a href=""https://fnet.bmfbovespa.com.br/fnet/publico/visualizarDocumento?id=201472&amp;cvm=true"" rel=""noopener noreferrer"" target=""_blank"">Proporção de Sobras</a></td>"
50,VGHF11,2ª,"R$ 9,66Cotação: R$ 9,90 (2,48%)","2,48%",01.10.21,05.10 até 14.10.21,05.10 até 18.10.21Liquidação: 19.10.21,21.10 até 26.10.21Liquidação: 03.11.21,05.10 até 09.11.21Liquidação: 16.11.21,Andamento,,Oferta Pública (ICVM 400),"R$ 9,66(Cota: R$ 9,66 + Taxa: R$ 0,00)","1,00559999417 (100,56%)",,Não há,"R$ 30.000.009,06","R$ 191.999.996,16(R$ 160.000.000,02 + Lote Adicional de R$ 31.999.996,14)",XP Investimentos,,Proporcional,,,"<td><a href=""https://fnet.bmfbovespa.com.br/fnet/publico/visualizarDocumento?id=213520&amp;cvm=true"" rel=""noopener noreferrer"" target=""_blank"">Fato Relevante</a>, <a href=""https://fnet.bmfbovespa.com.br/fnet/publico/visualizarDocumento?id=218490&amp;cvm=true"" rel=""noopener noreferrer"" target=""_blank"">Anúncio de Início</a>, <a href=""https://fnet.bmfbovespa.com.br/fnet/publico/visualizarDocumento?id=218491&amp;cvm=true"" rel=""noopener noreferrer"" target=""_blank"">Prospecto Definitivo</a></td>"
51,VGIR11,5ª,,,,,,,,Aguardando,,,,,,A definir,"R$ 10.000.000,00","R$ 301.200.000,00(R$ 251.000.000,00 + Lote Adicional de R$ 50.200.000,00)",XP Investimentos,,,,,"<td><a href=""https://fnet.bmfbovespa.com.br/fnet/publico/visualizarDocumento?id=160840&amp;cvm=true"" rel=""noopener noreferrer"" target=""_blank"">Edital de Convocação</a>, <a href=""https://fnet.bmfbovespa.com.br/fnet/publico/visualizarDocumento?id=160841&amp;cvm=true"" rel=""noopener noreferrer"" target=""_blank"">Proposta da Administradora</a></td>"
52,VSLH11,3ª,"R$ 9,98Cotação: R$ 10,06 (0,8%)","0,80%",15.09.21,Não há,20.09 até 30.09.21Liquidação: 01.10.21,05.10 até 08.10.21Liquidação: 19.10.21,Não há,Andamento,,Oferta Restrita (ICVM 476),"R$ 9,98(Cota: R$ 9,81 + Taxa: R$ 0,17)","0,386124242424 (38,61%)",,Não há,"R$ 1.000.001,97","R$ 120.000.000,96(R$ 100.000.000,80 + Lote Adicional de R$ 20.000.000,16)",Ativa Investimentos,,Proporcional,,,"<td><a href=""https://fnet.bmfbovespa.com.br/fnet/publico/visualizarDocumento?id=212980&amp;cvm=true"" rel=""noopener noreferrer"" target=""_blank"">Ato do Administrador</a>, <a href=""https://fnet.bmfbovespa.com.br/fnet/publico/visualizarDocumento?id=212981&amp;cvm=true"" rel=""noopener noreferrer"" target=""_blank"">Fato Relevante</a>, <a href=""https://fnet.bmfbovespa.com.br/fnet/publico/visualizarDocumento?id=215448&amp;cvm=true"" rel=""noopener noreferrer"" target=""_blank"">Informações sobre Direitos</a></td>"
53,XPCA11,1ª,"R$ 10,00",Não há,Não há,Não há,Não há,Não há,24.09 até 18.10.21Liquidação: 22.10.21,Andamento,,Oferta Pública (ICVM 400),"R$ 10,00(Cota: R$ 10,00 + Taxa: R$ 0,00)",Não há,Não há,"R$ 10.000,00 (1000 cotas)","R$ 50.000.000,00","R$ 420.000.000,00(R$ 350.000.000,00 + Lote Adicional de R$ 70.000.000,00)",XP Investimentos,,Igualitário,,,"<td><a href='”https://fnet.bmfbovespa.com.br/fnet/publico/visualizarDocumento?id=216747&amp;cvm=true""' rel=""noopener noreferrer"" target=""_blank"">Ato do Administrador</a>, <a href=""https://fnet.bmfbovespa.com.br/fnet/publico/visualizarDocumento?id=216749&amp;cvm=true"" rel=""noopener noreferrer"" target=""_blank"">Anúncio de Início</a>, <a href=""https://fnet.bmfbovespa.com.br/fnet/publico/visualizarDocumento?id=216854&amp;cvm=true"" rel=""noopener noreferrer"" target=""_blank"">Prospecto Preliminar</a> </td>"
54,XPCI11,3ª,"R$ 97,00Cotação: R$ 95,07 (-1,99%)","-1,99%",13.09.21,15.09 até 23.09.21,15.09 até 27.09.21Liquidação: 28.09.21,Não há,15.09 até 29.09.21Liquidação: 05.10.21,Andamento,,Oferta Pública (ICVM 400),"R$ 97,00(Cota: R$ 93,62 + Taxa: R$ 3,38)","0,48796080895 (48,8%)",Não há,"R$ 10.017,34 (107 cotas)","R$ 30.000.060,90","R$ 359.999.981,84(R$ 300.000.047,28 + Lote Adicional de R$ 59.999.934,56)",XP Investimentos,08.10.21,Igualitário,,,"<td><a href=""https://fnet.bmfbovespa.com.br/fnet/publico/visualizarDocumento?id=200690&amp;cvm=true"" rel=""noopener noreferrer"" target=""_blank"">Ato do Administrador</a>, <a href=""https://fnet.bmfbovespa.com.br/fnet/publico/visualizarDocumento?id=200702&amp;cvm=true"" rel=""noopener noreferrer"" target=""_blank"">Fato Relevante</a>, <a href='”https://fnet.bmfbovespa.com.br/fnet/publico/visualizarDocumento?id=211647&amp;cvm=true""' rel=""noopener noreferrer"" target=""_blank"">Ato do Administrador</a>, <a href=""https://fnet.bmfbovespa.com.br/fnet/publico/visualizarDocumento?id=211648&amp;cvm=true"" rel=""noopener noreferrer"" target=""_blank"">Comunicado de Modificação da Oferta</a>, <a href=""https://fnet.bmfbovespa.com.br/fnet/publico/visualizarDocumento?id=212307&amp;cvm=true"" rel=""noopener noreferrer"" target=""_blank"">Anúncio de Início</a>, <a href=""https://fnet.bmfbovespa.com.br/fnet/publico/visualizarDocumento?id=212308&amp;cvm=true"" rel=""noopener noreferrer"" target=""_blank"">Prospecto Definitivo</a>, <a href=""https://fnet.bmfbovespa.com.br/fnet/publico/visualizarDocumento?id=213257&amp;cvm=true"" rel=""noopener noreferrer"" target=""_blank"">Informações sobre Direitos</a> </td>"
55,XPIN11,5ª,"R$ 99,98Cotação: R$ 92,15 (-7,83%)","-7,83%",23.06.21,Não há,20.07 até 30.07.21Liquidação: 02.08.21,04.08 até 09.08.21Liquidação: 16.08.21,Não há,Andamento,,Oferta Restrita (ICVM 476),"R$ 99,98(Cota: R$ 97,73 + Taxa: R$ 2,25)","0,1087455561 (10,87%)","10,23960227644 (1023,96%)",Não há,"R$ 30.000.080,37","R$ 84.000.107,76(R$ 70.000.089,80 + Lote Adicional de R$ 14.000.017,96)",XP Investimentos,,Proporcional,,,"<td><a href=""https://fnet.bmfbovespa.com.br/fnet/publico/visualizarDocumento?id=187367&amp;cvm=true"" rel=""noopener noreferrer"" target=""_blank"">Ato do Administrador</a>, <a href=""https://fnet.bmfbovespa.com.br/fnet/publico/visualizarDocumento?id=187369&amp;cvm=true"" rel=""noopener noreferrer"" target=""_blank"">Fato Relevante </a>, <a href=""https://fnet.bmfbovespa.com.br/fnet/publico/visualizarDocumento?id=187370&amp;cvm=true"" rel=""noopener noreferrer"" target=""_blank"">Informações sobre Direitos</a>, <a href=""https://fnet.bmfbovespa.com.br/fnet/publico/visualizarDocumento?id=188699&amp;cvm=true"" rel=""noopener noreferrer"" target=""_blank"">Fato Relevante </a>, <a href=""https://fnet.bmfbovespa.com.br/fnet/publico/visualizarDocumento?id=192881&amp;cvm=true"" rel=""noopener noreferrer"" target=""_blank"">Ato do Administrador</a>, <a href=""https://fnet.bmfbovespa.com.br/fnet/publico/visualizarDocumento?id=192885&amp;cvm=true"" rel=""noopener noreferrer"" target=""_blank"">Fato Relevante </a>, <a href=""https://fnet.bmfbovespa.com.br/fnet/publico/visualizarDocumento?id=193652&amp;cvm=true"" rel=""noopener noreferrer"" target=""_blank"">Informações sobre Direitos</a>, <a href=""https://fnet.bmfbovespa.com.br/fnet/publico/visualizarDocumento?id=199848&amp;cvm=true"" rel=""noopener noreferrer"" target=""_blank"">Proporção de Sobras</a></td>"
56,XPML11,6ª,"R$ 100,01Cotação: R$ 97,22 (-2,79%)","-2,79%",02.08.21,Não há,04.08 até 16.08.21Liquidação: 17.08.21,19.08 até 24.08.21Liquidação: 01.09.21,Não há,Andamento,,Oferta Restrita (ICVM 476),"R$ 100,01(Cota: R$ 100,01 + Taxa: R$ 0,00)","0,30753177106 (30,75%)","13,48563831851 (1348,56%)",Não há,"R$ 40.000.099,61","R$ 672.000.093,29(R$ 560.000.094,41 + Lote Adicional de R$ 111.999.998,88)",XP Investimentos,,Proporcional,,,"<td><a href=""https://fnet.bmfbovespa.com.br/fnet/publico/visualizarDocumento?id=198128&amp;cvm=true"" rel=""noopener noreferrer"" target=""_blank"">Ato do Administrador</a>, <a href=""https://fnet.bmfbovespa.com.br/fnet/publico/visualizarDocumento?id=198129&amp;cvm=true"" rel=""noopener noreferrer"" target=""_blank"">Fato Relevante</a>, <a href='”https://fnet.bmfbovespa.com.br/fnet/publico/visualizarDocumento?id=199412&amp;cvm=true""' rel=""noopener noreferrer"" target=""_blank"">Informações sobre Direitos</a>, <a href=""https://fnet.bmfbovespa.com.br/fnet/publico/visualizarDocumento?id=207587&amp;cvm=true"" rel=""noopener noreferrer"" target=""_blank"">Proporção de Sobras</a>, <a href='”https://fnet.bmfbovespa.com.br/fnet/publico/visualizarDocumento?id=216832&amp;cvm=true""' rel=""noopener noreferrer"" target=""_blank"">Ato do Administrador</a>, <a href=""https://fnet.bmfbovespa.com.br/fnet/publico/visualizarDocumento?id=216833&amp;cvm=true"" rel=""noopener noreferrer"" target=""_blank"">Comunicado de Modificação da Oferta</a></td>"
